topic	page_count	sample_page
ai	3349	ai-adoption-consultant-san-diego.html
san	956	backup_pages/san-diego-ac-not-blowing-cold-air.html
who	893	authority/who-do-hub.html
how	659	autogen/html/how-ai-answers-should-be-interpreted.html
sideguy	653	authority/sideguy-human-hub.html
industry	640	hubs/industry-accountants.html
payment	449	authority/payment-processing-hub.html
crypto	353	authority/crypto-payments-hub.html
stripe	323	auto-intent-pages/payments/stripe/stripe-troubleshooting-checklist.html
human	281	authority/human-help-hub.html
hvac	270	auto-hubs/categories/hvac.html
local	253	authority/local-seo-hub.html
solana	251	authority/solana-beach-hub.html
tech	236	authority/tech-help-hub.html
business	184	auto-hubs/categories/business-software.html
operator	157	authority/operator-tools.html
google	147	authority/google-ads.html
contractor	141	backup_pages/contractor-billing-tools-san-diego.html
why	140	autogen/html/why-clarity-degrades-under-pressure.html
instant	140	backup_pages/instant-help-san-diego.html
best	129	backup_pages/best-ai-tools-for-small-business-san-diego.html
real	120	autogen/html/real-time-clarity.html
ticket	111	backup_pages/ticket-help-san-diego.html
small	110	authority/small-business-hub.html
vacation	103	pages/auto/vacation-rental-tech-san-diego-108.html
seo	93	authority/seo-help-hub.html
website	85	backup_pages/website-copy-not-converting.html
what	84	autogen/html/what-to-do-when-every-vendor-says-urgent.html
new	79	backup_pages/new-business-setup-help.html
is	73	backups_20251230_191613/is-it-worth-hiring-a-plumber-san-diego.html
compliance	72	compliance-consulting-carlsbad.html
home	69	auto-hubs/clusters/home-systems--ac-problems.html
solar	65	backup_pages/solar-battery-backup-install.html
mobile	64	backup_pages/mobile-app-development-san-diego.html
internet	61	backup_pages/internet-drops-randomly.html
index	59	_BACKUPS/index.html
problem	58	auto-hubs/categories/problem-intelligence.html
payments	57	authority/payments.html
email	57	backup_pages/email-going-to-spam.html
do	56	authority/do-call-hub.html
merchant	56	backup_pages/merchant-fees-too-high.html
urgent	56	backup_pages/urgent-care-payment-processing-san-diego.html
signal	56	data/signal-log.html
subscription	55	backup_pages/subscription-billing-san-diego.html
after	55	compliance/seo/after-vendors/after-compliance-software-demos.html
restaurant	54	backup_pages/restaurant-hood-cleaning.html
water	54	backup_pages/water-damage-restoration-san-diego.html
north	53	backup_pages/north-county-help-directory.html
roof	51	backup_pages/roof-cleaning-payments-san-diego.html
workflow	51	backup_pages/workflow-automation-tools.html
smart	50	backup_pages/smart-contract-auditing.html
enterprise	47	backup_pages/enterprise-agent-platform.html
elder	47	pages/elder-care-tech-cardiff-1.html
San	46	San-Diego-Contractor-Payments.html
when	45	autogen/html/when-doing-nothing-prevents-loss.html
ac	42	ac-blowing-warm-air.html
chargebacks	42	authority/payments/chargebacks.html
energy	42	auto-hubs/clusters/energy-ev--energy-savings.html
site	42	problems/multiplied/site-indexing-not-working-best-option-for-accountants.html
garage	41	backup_pages/garage-conversion-san-diego.html
ssl	41	backup_pages/ssl-certificate-missing.html
zapier	41	backup_pages/zapier-automation-broken.html
crm	39	authority/small-business-tech/crm.html
should	38	autogen/html/should-you-act-after-a-cyber-alert.html
dns	38	problems/dns-configuration-account-suspended.html
api	36	api-development-san-diego.html
auto	36	auto-detailing-payment-processing-san-diego.html
calendar	36	backup_pages/calendar-not-syncing.html
make	36	backup_pages/make-com-scenarios-not-working.html
pool	36	backup_pages/pool-cleaning-san-diego.html
hipaa	36	compliance/seo/hipaa-compliance-what-matters.html
no	35	autogen/html/no-affiliates.html
cloud	35	backup_pages/cloud-ai-workflow-integration.html
credit	35	backup_pages/credit-card-fee-reduction.html
troubleshooting	35	problems/troubleshooting-apple-pay-not-working-on-checkout.html
soc	34	compliance/seo/soc-2-readiness-check.html
shopify	33	backup_pages/shopify-help-san-diego.html
wifi	33	backup_pages/wifi-connected-no-internet.html
square	33	decisions/square-vs-stripe-payments.html
quick	31	problems/quick-fix-for-api-key-invalid-after-rotation.html
ach	30	ach-payments-vs-credit-cards-for-small-business-san-diego.html
window	30	backup_pages/window-cleaning-san-diego.html
electrical	29	backup_pages/electrical-directory-san-diego.html
automation	28	auto-hubs/categories/automation-tools.html
data	28	backup_pages/data-analytics-san-diego.html
hubspot	28	decisions/hubspot-vs-salesforce.html
paypal	28	decisions/paypal-vs-stripe.html
airtable	27	airtable-automation-not-running.html
plumbing	27	backup_pages/plumbing-directory-san-diego.html
claude	27	decisions/claude-vs-openai-gpt.html
openai	27	decisions/openai-vs-anthropic-claude.html
oauth	27	problems/oauth-redirect-uri-mismatch-fix-fast.html
ecommerce	26	backup_pages/ecommerce-payment-processing-san-diego.html
emergency	26	backup_pages/emergency-board-up-san-diego.html
foundation	26	backup_pages/foundation-cracks-what-to-do.html
security	26	backup_pages/security-audit-san-diego.html
slow	26	backup_pages/slow-business-month-solutions.html
chatgpt	26	chatgpt-vs-custom-ai-for-business.html
quickbooks	26	decisions/quickbooks-vs-wave.html
cloudflare	26	problems/cloudflare-setup-account-suspended.html
client	25	backup_pages/client-database-messy.html
roofing	25	backup_pages/roofing-contractor-payments-san-diego.html
hvc	25	pages/auto/hvc-contractor-payments-san-diego-107.html
n8n	25	problems/n8n-ai-agent-memory-not-working.html
twilio	25	problems/twilio-sms-account-suspended.html
webhook	25	problems/webhook-configuration-account-suspended.html
xero	25	problems/xero-accounting-account-suspended.html
door	24	backup_pages/door-installation-san-diego.html
seed	24	problems/multiplied/seed-mix-best-option-for-dentists.html
blockchain	23	backup_pages/blockchain-consulting.html
encinitas	23	backup_pages/encinitas-instant-payments.html
sitemap	22	_BACKUPS/sitemap.html
aaa	22	aaa-PJ-dashboard.html
computer	22	backup_pages/computer-vision-ai-services.html
medical	22	backup_pages/medical-billing-automation-san-diego.html
mold	22	backup_pages/mold-on-walls-problem.html
startup	22	backup_pages/startup-tech-support-san-diego.html
hosting	22	problems/hosting-configuration-account-suspended.html
invoicing	22	problems/invoicing-account-suspended.html
langchain	22	problems/langchain-account-suspended.html
salesforce	22	problems/salesforce-crm-account-suspended.html
scheduling	22	problems/scheduling-software-account-suspended.html
woocommerce	22	problems/woocommerce-account-suspended.html
del	21	authority/del-mar-hub.html
prediction	21	authority/prediction-markets.html
general	21	auto-intent-pages/problem-intelligence/general/general-other-checklist.html
phone	21	backup_pages/phone-number-porting-help.html
air	20	air-conditioning-company-san-diego.html
app	20	app-development-san-diego.html
backend	20	backend-api-consulting.html
custom	20	backup_pages/custom-ai-software-development-san-diego.html
devops	20	backup_pages/devops-automation.html
fitness	20	backup_pages/fitness-coach-payments-san-diego.html
get	20	backup_pages/get-help-now.html
handyman	20	backup_pages/handyman-payment-processing-san-diego.html
high	20	backup_pages/high-churn-problem.html
tree	20	backup_pages/tree-about-to-fall.html
step	20	problems/step-by-step-fix-for-calendar-booking-double-booked-fix.html
commercial	19	backup_pages/commercial-electrical-san-diego.html
event	19	backup_pages/event-planners-busy-season-chaos.html
router	19	backup_pages/router-firmware-issues.html
storm	19	backup_pages/storm-damage-repair-san-diego.html
chargeback	19	generated/chargeback-prevention-for-small-business.html
i	18	autogen/html/i-dont-have-a-question.html
facebook	18	backup_pages/facebook-ads-not-working.html
pay	18	backups_20251230_191613/pay-per-use-agent-payments.html
Solana	17	Solana-Beach-Crypto-Payments.html
toilet	17	backup_pages/toilet-installation-san-diego.html
North	16	North-County-Instant-Settlements.html
decision	16	auto-builder/templates/decision.html
heater	16	backup_pages/heater-not-blowing-hot-air.html
kitchen	16	backup_pages/kitchen-remodel-san-diego.html
landscaping	16	backup_pages/landscaping-business-payments-san-diego.html
low	16	backup_pages/low-water-pressure.html
moving	16	backup_pages/moving-company-payment-solutions-san-diego.html
pest	16	backup_pages/pest-control-payment-processing-san-diego.html
property	16	backup_pages/property-management-payments-san-diego.html
software	16	backup_pages/software-development-san-diego.html
stucco	16	backup_pages/stucco-patching-san-diego.html
confused	16	backups_20251230_191613/confused-about-ai-for-my-business.html
fake	16	backups_20251230_191613/fake-email-text-help.html
audio	15	audio-ai-modeling.html
ev	15	auto-hubs/categories/ev-charging.html
gym	15	backup_pages/gym-fitness-payment-processing-san-diego.html
llm	15	backup_pages/llm-app-development.html
office	15	backup_pages/office-cleaning-san-diego.html
same	15	backup_pages/same-day-merchant-account-san-diego.html
template	15	backup_pages/template-v304.html
termite	15	backup_pages/termite-damage-found.html
outdoor	14	backup_pages/outdoor-kitchen-installation.html
stablecoin	14	backup_pages/stablecoin-business-payments.html
strange	14	backup_pages/strange-smell-in-house.html
cluster	14	backups_20251230_191613/cluster-ai.html
common	14	public/compliance-failures/common-compliance-mistakes.html
are	14	public/regulatory-warnings/are-warning-letters-public.html
qr	14	qr-code-crypto-payments-for-local-business-san-diego.html
printer	13	backup_pages/printer-not-printing.html
future	13	concepts/future-of-search.html
craigslist	13	seo-reserve/tickets/_canonical/craigslist-tickets-safe-or-not.html
day	13	seo-reserve/tickets/_canonical/day-of-show-ticket-prices-explained.html
last	13	seo-reserve/tickets/_canonical/last-minute-ticket-delivery-risk.html
peer	13	seo-reserve/tickets/_canonical/peer-to-peer-ticket-transfer-risk.html
postponed	13	seo-reserve/tickets/_canonical/postponed-event-ticket-what-happens.html
screenshot	13	seo-reserve/tickets/_canonical/screenshot-ticket-will-it-work.html
wrong	13	seo-reserve/tickets/_canonical/wrong-name-on-ticket.html
electrician	12	backup_pages/electrician-instant-payouts-san-diego.html
outlet	12	backup_pages/outlet-not-working.html
plumber	12	backup_pages/plumber-instant-payments-san-diego.html
pos	12	backup_pages/pos-payment-systems-san-diego.html
calm	12	backups_20251230_191613/calm-tech-support-for-non-technical-people-san-diego.html
hub	12	backups_20251230_191613/hub-link-ai.html
Carlsbad	11	Carlsbad-Contractor-Payments.html
kalshi	11	authority/prediction-markets/kalshi.html
help	11	autogen/html/help-without-forms.html
autonomous	11	autonomous-agent-development.html
bad	11	backup_pages/bad-customer-experience-what-to-do.html
carlsbad	11	backup_pages/carlsbad-payment-processing.html
laptop	11	backup_pages/laptop-running-slow.html
money	11	backup_pages/money-index.html
oceanside	11	backup_pages/oceanside-payment-processing.html
web	11	backup_pages/web-40-explainer.html
wordpress	11	backup_pages/wordpress-fix-help.html
artificial	10	artificial-grass-installation-san-diego.html
attic	10	attic-fan-installation.html
barbershop	10	backup_pages/barbershop-appointment-payments-san-diego.html
broken	10	backup_pages/broken-fence-san-diego.html
carbon	10	backup_pages/carbon-credit-automation.html
chiropractor	10	backup_pages/chiropractor-instant-pay-san-diego.html
circuit	10	backup_pages/circuit-breaker-tripping.html
clean	10	backup_pages/clean-tech-directory-san-diego.html
concrete	10	backup_pages/concrete-leveling-san-diego.html
deck	10	backup_pages/deck-installation-san-diego.html
dental	10	backup_pages/dental-instant-payouts-san-diego.html
document	10	backup_pages/document-ai-processing.html
fence	10	backup_pages/fence-installation-san-diego.html
flickering	10	backup_pages/flickering-lights-problem.html
frontend	10	backup_pages/frontend-development-san-diego.html
gpu	10	backup_pages/gpu-cloud-orchestration.html
gutter	10	backup_pages/gutter-cleaning-san-diego.html
helpdesk	10	backup_pages/helpdesk-automation-suite.html
it	10	backup_pages/it-compliance-consulting.html
landscape	10	backup_pages/landscape-design-san-diego.html
lawn	10	backup_pages/lawn-care-san-diego.html
locksmith	10	backup_pages/locksmith-payment-processing-san-diego.html
mesh	10	backup_pages/mesh-network-installation.html
ml	10	backup_pages/ml-inference-scaling.html
modem	10	backup_pages/modem-keeps-rebooting.html
network	10	backup_pages/network-security-consulting.html
nodejs	10	backup_pages/nodejs-app-core-development.html
patio	10	backup_pages/patio-cover-installation.html
penetration	10	backup_pages/penetration-test-small-business.html
pipe	10	backup_pages/pipe-burst-emergency.html
power	10	backup_pages/power-outage-local-issues.html
predictive	10	backup_pages/predictive-analytics-systems.html
pressure	10	backup_pages/pressure-washing-payments-san-diego.html
professional	10	backup_pages/professional-services-payment-processing.html
sales	10	backup_pages/sales-process-broken.html
save	10	backup_pages/save-on-paypay-fees-san-diego.html
sewer	10	backup_pages/sewer-line-repair.html
sink	10	backup_pages/sink-draining-slow.html
smoke	10	backup_pages/smoke-damage-cleanup.html
spa	10	backup_pages/spa-not-heating.html
sprinkler	10	backup_pages/sprinkler-installation-san-diego.html
ticketing	10	backup_pages/ticketing-event-software-san-diego.html
tile	10	backup_pages/tile-grout-cleaning.html
ui	10	backup_pages/ui-ux-design-consulting.html
vinyl	10	backup_pages/vinyl-fence-installation-san-diego.html
wall	10	backup_pages/wall-insulation-san-diego.html
yard	10	backup_pages/yard-cleanup-san-diego.html
elevated	10	future-build/elevated-deployment-and-function-invocations-failures.html
agent	9	agent-payments-explained.html
database	9	backup_pages/database-design-san-diego.html
domain	9	backup_pages/domain-transfer-help.html
retail	9	backup_pages/retail-payment-processing-san-diego.html
thermostat	9	backup_pages/thermostat-not-working.html
tv	9	backup_pages/tv-mounting-help-near-me.html
not	9	backups_20251230_191613/not-sure-what-to-do-next.html
apple	9	problems/apple-app-store-receipt-verification-failed-for-ecommerce.html
contractors	8	authority/contractors-in-hub.html
battery	8	backup_pages/battery-jump-service-san-diego.html
breaker	8	backup_pages/breaker-keeps-tripping.html
cardiff	8	backup_pages/cardiff-payment-processing.html
heat	8	backup_pages/heat-pump-repair.html
on	8	backup_pages/on-device-ai-modeling.html
partner	8	backup_pages/partner-with-sideguy.html
reduce	8	generated/reduce-chargebacks.html
accept	7	accept-crypto-get-cash-san-diego.html
clarity	7	autogen/html/clarity-economy.html
post	7	autogen/html/post-search-internet.html
duplicate	7	backup_pages/duplicate-content-problem.html
electric	7	backup_pages/electric-bill-too-high.html
furnace	7	backup_pages/furnace-repair-san-diego.html
saas	7	backup_pages/saas-development-san-diego.html
short	7	backup_pages/short-term-rental-cleaning.html
steam	7	backup_pages/steam-shower-installation.html
switch	7	backup_pages/switch-from-square.html
direct	7	problems/direct-deposit-not-showing-up-bank-of-america.html
AI	6	AI-integration-accelerator.html
Crypto	6	Crypto-Payment-Processing.html
Encinitas	6	Encinitas-Contractor-Payments.html
Energy	6	Energy-Payments-San-Diego.html
La	6	La-Jolla-Solana-Payments.html
accounting	6	accounting-firm-payment-processing-san-diego.html
adu	6	adu-builder-san-diego.html
analytics	6	analytics-dashboard-development.html
appliance	6	appliance-repair-san-diego.html
booking	6	authority/booking-software-hub.html
betting	6	backup_pages/betting-lab-san-diego.html
chiropractors	6	backup_pages/chiropractors-client-retention.html
clogged	6	backup_pages/clogged-drain-san-diego.html
coastal	6	backup_pages/coastal-business-automation.html
distributed	6	backup_pages/distributed-systems-consulting.html
edge	6	backup_pages/edge-compute-ai.html
electricians	6	backup_pages/electricians-scheduling-problems.html
fintech	6	backup_pages/fintech-solutions-san-diego.html
garbage	6	backup_pages/garbage-disposal-humming.html
la	6	backup_pages/la-jolla-payment-processing.html
landscapers	6	backup_pages/landscapers-weather-delays.html
lower	6	backup_pages/lower-credit-card-fees-san-diego.html
machine	6	backup_pages/machine-learning-services.html
my	6	backup_pages/my-google-business-profile-suspended.html
physical	6	backup_pages/physical-therapy-clinic-payments-san-diego.html
plumbers	6	backup_pages/plumbers-too-many-emergencies.html
rental	6	backup_pages/rental-property-maintenance.html
restaurants	6	backup_pages/restaurants-low-profit-margins.html
roofers	6	backup_pages/roofers-low-lead-flow.html
service	6	backup_pages/service-directory-san-diego.html
simple	6	backup_pages/simple-tech-builder.html
system	6	backup_pages/system-integration-san-diego.html
design	6	backups_20251230_191613/design-build-cost-san-diego.html
digital	6	backups_20251230_191613/digital-marketing-agency-pricing-san-diego.html
embarrassed	6	backups_20251230_191613/embarrassed-to-ask-for-tech-help-san-diego.html
patient	6	backups_20251230_191613/patient-tech-help-for-beginners-san-diego.html
support	6	compliance/support-scope.html
robots	6	docs/pages/robots-at-work-not-sci-fi.html
risk	6	medical-device-software/risk-management-for-software.html
doordash	6	problems/doordash-payouts-missing-for-ecommerce.html
ga4	6	problems/ga4-not-tracking-conversions-for-ecommerce.html
postgres	6	problems/postgres-slow-query-sudden-fast.html
404	5	404.html
Best	5	Best-Payment-Processing-San-Diego.html
Cardiff	5	Cardiff-Payment-Processing.html
Del	5	Del-Mar-Lower-Credit-Card-Fees.html
Free	5	Free-Payment-Processing-Setup.html
Mobile	5	Mobile-Payment-Processing.html
Rancho	5	Rancho-Santa-Fe-Payment-Processing.html
Same	5	Same-Day-Payment-Processing.html
Switch	5	Switch-From-Stripe.html
Web	5	Web-Development-San-Diego.html
master	5	_layout_backups/master-layout.20251230-2229.html
accountant	5	accountant-services-san-diego.html
agentic	5	agentic-ai-workflows.html
alarm	5	alarm-system-setup-help.html
ant	5	ant-infestation-san-diego.html
ants	5	ants-in-kitchen-san-diego.html
asbestos	5	asbestos-testing-san-diego.html
asphalt	5	asphalt-repair-san-diego.html
attorney	5	attorney-payment-processing-san-diego.html
awning	5	awning-installation-san-diego.html
backflow	5	backflow-testing-san-diego.html
bank	5	backup_pages/bank-transfer-pending-too-long.html
barbers	5	backup_pages/barbers-slow-days.html
basement	5	backup_pages/basement-waterproofing.html
bathroom	5	backup_pages/bathroom-remodel-san-diego.html
bbq	5	backup_pages/bbq-gas-line-installation.html
bed	5	backup_pages/bed-bug-treatment-san-diego.html
bidet	5	backup_pages/bidet-installation-san-diego.html
big	5	backup_pages/big-data-engineering.html
biohazard	5	backup_pages/biohazard-cleanup-san-diego.html
boiler	5	backup_pages/boiler-repair-san-diego.html
bookkeeping	5	backup_pages/bookkeeping-help-san-diego.html
brakes	5	backup_pages/brakes-repair-near-me.html
brand	5	backup_pages/brand-identity-problem.html
building	5	backup_pages/building-maintenance-san-diego.html
card	5	backup_pages/card-not-present-processing.html
cashflow	5	backup_pages/cashflow-crunch-solutions.html
ceiling	5	backup_pages/ceiling-fan-installation.html
chatbot	5	backup_pages/chatbot-customer-support-ai.html
cheapest	5	backup_pages/cheapest-payment-processing.html
chimney	5	backup_pages/chimney-repair-san-diego.html
cleaning	5	backup_pages/cleaning-services-north-county.html
coaches	5	backup_pages/coaches-no-leads.html
cockroach	5	backup_pages/cockroach-problem-san-diego.html
color	5	backup_pages/color-scheme-not-working.html
command	5	backup_pages/command-center-v2.html
competitor	5	backup_pages/competitor-spamming-reviews.html
consultants	5	backup_pages/consultants-up-and-down-income.html
content	5	backup_pages/content-not-indexing.html
cracked	5	backup_pages/cracked-driveway-problem.html
crawl	5	backup_pages/crawl-space-repair.html
crime	5	backup_pages/crime-scene-cleanup-san-diego.html
cybersecurity	5	backup_pages/cybersecurity-services-san-diego.html
decluttering	5	backup_pages/decluttering-help-san-diego.html
deep	5	backup_pages/deep-cleaning-services.html
deli	5	backup_pages/deli-payment-processing.html
device	5	backup_pages/device-management-services.html
devsecops	5	backup_pages/devsecops-consulting.html
dfs	5	backup_pages/dfs-promo-strategy.html
disaster	5	backup_pages/disaster-recovery-planning.html
doctors	5	backup_pages/doctors-no-show-issues.html
dog	5	backup_pages/dog-training-san-diego.html
doorbell	5	backup_pages/doorbell-not-working.html
double	5	backup_pages/double-booking-problem.html
drain	5	backup_pages/drain-cleaning-san-diego.html
drywall	5	backup_pages/drywall-repair-san-diego.html
ductless	5	backup_pages/ductless-mini-split-install.html
elevator	5	backup_pages/elevator-repair-san-diego.html
employee	5	backup_pages/employee-turnover-problem.html
engine	5	backup_pages/engine.html
erp	5	backup_pages/erp-customization-services.html
escalator	5	backup_pages/escalator-repair-san-diego.html
ethernet	5	backup_pages/ethernet-not-working.html
exterior	5	backup_pages/exterior-painting-san-diego.html
fast	5	backup_pages/fast-business-payments.html
fiber	5	backup_pages/fiber-internet-upgrade-help.html
finance	5	backup_pages/finance-payment-processing.html
fire	5	backup_pages/fire-damage-restoration.html
fix	5	backup_pages/fix-it-fast.html
flat	5	backup_pages/flat-tire-roadside-assistance.html
fleet	5	backup_pages/fleet-payment-processing.html
flood	5	backup_pages/flood-cleanup-san-diego.html
flooring	5	backup_pages/flooring-installation-san-diego.html
free	5	backup_pages/free-payment-processing-setup.html
freelancers	5	backup_pages/freelancers-non-paying-clients.html
full	5	backup_pages/full-stack-web-development.html
gate	5	backup_pages/gate-repair-san-diego.html
gazebo	5	backup_pages/gazebo-installation-san-diego.html
generator	5	backup_pages/generator-installation.html
grease	5	backup_pages/grease-trap-cleaning.html
guest	5	backup_pages/guest-network-not-working.html
gyms	5	backup_pages/gyms-membership-drops.html
hoa	5	backup_pages/hoa-maintenance-services.html
horse	5	backup_pages/horse-payments-san-diego.html
hot	5	backup_pages/hot-water-recirculation-install.html
house	5	backup_pages/house-cleaning-san-diego.html
identity	5	backup_pages/identity-access-management.html
industrial	5	backup_pages/industrial-ai-automation.html
inference	5	backup_pages/inference-optimization-ai.html
insulation	5	backup_pages/insulation-installation-san-diego.html
interior	5	backup_pages/interior-painting-san-diego.html
inventory	5	backup_pages/inventory-tracking-problems.html
irrigation	5	backup_pages/irrigation-repair-san-diego.html
jacuzzi	5	backup_pages/jacuzzi-installation-san-diego.html
janitorial	5	backup_pages/janitorial-payment-processing-san-diego.html
junk	5	backup_pages/junk-removal-san-diego.html
kubernetes	5	backup_pages/kubernetes-devops-san-diego.html
landing	5	backup_pages/landing-page-builder-san-diego.html
landscaper	5	backup_pages/landscaper-payments-san-diego.html
lawyers	5	backup_pages/lawyers-client-intake-problems.html
layoffs	5	backup_pages/layoffs-business-help.html
lead	5	backup_pages/lead-testing-san-diego.html
leak	5	backup_pages/leak-detection-san-diego.html
logging	5	backup_pages/logging-monitoring-ai.html
logo	5	backup_pages/logo-design-help.html
maid	5	backup_pages/maid-service-san-diego.html
managed	5	backup_pages/managed-it-services-ai.html
marble	5	backup_pages/marble-polishing-san-diego.html
marketing	5	backup_pages/marketing-automation-tools.html
massage	5	backup_pages/massage-therapists-no-shows.html
med	5	backup_pages/med-spa-lead-problems.html
messy	5	backup_pages/messy-website-navigation.html
mini	5	backup_pages/mini-split-maintenance.html
mlops	5	backup_pages/mlops-pipeline-development.html
modern	5	backup_pages/modern-payment-processing.html
move	5	backup_pages/move-out-cleaning-san-diego.html
negative	5	backup_pages/negative-review-what-to-do.html
neural	5	backup_pages/neural-network-consulting.html
notion	5	backup_pages/notion-database-problems.html
odds	5	backup_pages/odds-comparison-tool.html
oil	5	backup_pages/oil-change-mobile-service.html
order	5	backup_pages/order-management-chaos.html
page	5	backup_pages/page-index.html
pages	5	backup_pages/pages-not-ranking.html
parking	5	backup_pages/parking-lot-patching.html
password	5	backup_pages/password-management-problem.html
personal	5	backup_pages/personal-trainer-payments-san-diego.html
phishing	5	backup_pages/phishing-detection-ai.html
photographers	5	backup_pages/photographers-no-bookings.html
prompt	5	backup_pages/prompt-engineering-consulting.html
radon	5	backup_pages/radon-testing-san-diego.html
rancho	5	backup_pages/rancho-santa-fe-business-payments.html
rat	5	backup_pages/rat-problem-san-diego.html
reactjs	5	backup_pages/reactjs-development-san-diego.html
remote	5	backup_pages/remote-it-support.html
repair	5	backup_pages/repair-directory.html
reputation	5	backup_pages/reputation-management-san-diego.html
ring	5	backup_pages/ring-camera-installation.html
rodent	5	backup_pages/rodent-removal-san-diego.html
salon	5	backup_pages/salon-payment-processing-san-diego.html
salons	5	backup_pages/salons-last-minute-cancellations.html
sauna	5	backup_pages/sauna-installation-san-diego.html
scalable	5	backup_pages/scalable-ml-infrastructure.html
secure	5	backup_pages/secure-ai-ops.html
serverless	5	backup_pages/serverless-architecture-help.html
shed	5	backup_pages/shed-installation-san-diego.html
sidewalk	5	backup_pages/sidewalk-repair-san-diego.html
skylight	5	backup_pages/skylight-repair-san-diego.html
soil	5	backup_pages/soil-testing-san-diego.html
solopreneur	5	backup_pages/solopreneur-burnout-solutions.html
solutions	5	backup_pages/solutions-directory-san-diego.html
spreadsheet	5	backup_pages/spreadsheet-too-complicated.html
sprinklers	5	backup_pages/sprinklers-not-working.html
structural	5	backup_pages/structural-engineer-san-diego.html
sump	5	backup_pages/sump-pump-installation.html
technical	5	backup_pages/technical-architecture-consulting.html
text	5	backup_pages/text-pj-get-help.html
thin	5	backup_pages/thin-content-issue.html
threat	5	backup_pages/threat-monitoring-ai.html
tickets	5	backup_pages/tickets.html
too	5	backup_pages/too-many-software-subscriptions.html
tow	5	backup_pages/tow-truck-service-san-diego.html
towing	5	backup_pages/towing-company-payment-processing-san-diego.html
trash	5	backup_pages/trash-hauling-san-diego.html
trenchless	5	backup_pages/trenchless-sewer-repair.html
tts	5	backup_pages/tts-voice-ai-tools.html
tutors	5	backup_pages/tutors-low-demand-problem.html
two	5	backup_pages/two-factor-issues.html
vector	5	backup_pages/vector-database-consulting.html
verification	5	backup_pages/verification-code-not-coming.html
video	5	backup_pages/video-metadata-classification.html
videographers	5	backup_pages/videographers-late-edits-problem.html
virus	5	backup_pages/virus-removal-san-diego.html
voice	5	backup_pages/voice-command-ai-tools.html
vpn	5	backup_pages/vpn-it-support-san-diego.html
waterproofing	5	backup_pages/waterproofing-san-diego.html
webhooks	5	backup_pages/webhooks-not-firing.html
wedding	5	backup_pages/wedding-vendors-low-inquiries.html
whole	5	backup_pages/whole-house-fan-installation.html
zero	5	backup_pages/zero-trust-architecture-help.html
freezer	5	backups/pre-blanket/freezer-not-working-san-diego.html
gas	5	backups/pre-blanket/gas-smell-in-house-san-diego.html
before	5	backups_20251230_191613/before-you-hire-tech-help.html
internal	5	backups_20251230_191613/internal-links-snippet.html
pricing	5	compliance/pricing.html
knowledge	5	concepts/knowledge-graphs.html
test	5	pages/test-1-san-diego.html
bakeries	5	pillars/bakeries-in-carlsbad.html
auth	5	problems/auth-capture-mismatch-error-for-ecommerce.html
github	5	problems/github-actions-secrets-not-found-fast.html
mysql	5	problems/mysql-deadlock-retry-pattern-fast.html
nextjs	5	problems/nextjs-build-failing-on-deploy-for-service-business.html
uber	5	problems/uber-eats-tax-settings-wrong-fast.html
can	5	public/ai-clarity/can-ai-give-bad-advice.html
SideGuy	4	SideGuy-Solutions-Vision.html
_template	4	_template.html
alternatives	4	alternatives-to-stripe-for-small-business-san-diego.html
customer	4	authority/customer-service-hub.html
humans	4	autogen/html/humans-over-answers.html
dishwasher	4	backups/pre-blanket/dishwasher-not-draining-san-diego.html
dryer	4	backups/pre-blanket/dryer-not-heating-san-diego.html
flooding	4	backups/pre-blanket/flooding-after-rain-san-diego.html
fridge	4	backups/pre-blanket/fridge-not-cooling-san-diego.html
homepage	4	backups/pre-blanket/homepage-links.html
include	4	backups/pre-blanket/include-links.html
indoor	4	backups/pre-blanket/indoor-ac-unit-noise.html
loud	4	backups/pre-blanket/loud-outdoor-ac-unit.html
partial	4	backups/pre-blanket/partial-power-outage-san-diego.html
uneven	4	backups/pre-blanket/uneven-cooling-home.html
washing	4	backups/pre-blanket/washing-machine-not-working-san-diego.html
overwhelmed	4	backups_20251230_191613/overwhelmed-by-technology-help-san-diego.html
search	4	concepts/search-intent.html
panic	4	decision-engine/panic-ac.html
sitemap.broken.20251231	4	docs/pages/sitemap.broken.20251231-1750.html
missed	4	generated/missed-call-capture-system.html
category	4	hubs/category-ai-automation.html
insurance	4	katie/insurance-agents-apps.html
usdc	4	pages/usdc-payments-san-diego.html
abandoned	4	problems/abandoned-cart-spike-fix-fast.html
checkout	4	problems/checkout-conversion-suddenly-down-for-service-business.html
csv	4	problems/csv-import-errors-duplicate-headers-for-ecommerce.html
firebase	4	problems/firebase-rules-blocking-access-for-small-business.html
lighthouse	4	problems/lighthouse-score-dropped-suddenly-for-ecommerce.html
netlify	4	problems/netlify-build-command-failing-for-ecommerce.html
tiktok	4	problems/tiktok-ads-attribution-broken-fast.html
vercel	4	problems/vercel-env-vars-missing-for-ecommerce.html
x	4	seo-reserve/seo-nodes/_canonical/x-twitter-human-presence-for-websites.html
fraud	3	authority/payments/fraud.html
avoiding	3	avoiding-tech-scams-san-diego.html
<!DOCTYPE html>	3	backup_pages/<!DOCTYPE html>.html
contractor payment	3	backup_pages/contractor payment-processing-san-diego.html
helping	3	backups_20251230_191613/helping-parents-with-technology-san-diego.html
need	3	backups_20251230_191613/need-help-now-san-diego.html
online	3	backups_20251230_191613/online-safety-help-seniors.html
suspicious	3	backups_20251230_191613/suspicious-message-help.html
usage	3	backups_20251230_191613/usage-based-ai-services.html
wallet	3	backups_20251230_191613/wallet-based-agent-payments.html
x402	3	backups_20251230_191613/x402-payments-explainer.html
time	3	clusters/time-saving-systems.html
top	3	compliance/failures/top-hipaa-compliance-mistakes.html
invoice	3	concepts/invoice-automation.html
gravity	3	fresh/gravity.html
delays	3	future-build/delays-loading-firewall-billing-and-observability-data.html
pci	3	generated/pci-compliance-simple.html
am	3	nodes/am-i-overthinking-this.html
talk	3	nodes/talk-to-a-real-human-node.html
image	3	problems/image-optimization-breaking-layout-root-cause.html
server	3	problems/server-out-of-memory-spike-fast.html
supabase	3	problems/supabase-auth-email-not-sending-fast.html
utm	3	problems/utm-tracking-broken-for-ecommerce.html
audit	3	public/compliance-audits/audit-readiness-explained.html
build	3	public/compliance-software/build-vs-buy-compliance-software.html
claims	3	public/connectors/claims-and-resolution-paths.html
hidden	3	public/connectors/hidden-cost-detection.html
tool	3	public/connectors/tool-selection-clarity.html
vendor	3	public/failure-modes/vendor-dependence.html
backup_pages__energy	3	reports/self-improve-backups/2026-03-05_002553/backup_pages__energy-directory-san-diego.html
confirm	3	seo-confirm/confirm-2026-01-05_16-56-48.html
electricity	3	site/electricity-cost-ai-advisor-san-diego.html
sdge	3	site/sdge-bill-explanation-ai-san-diego.html
-hub	2	-hub.html
ahoy	2	ahoy-transportation-san-diego.html
authority	2	authority/authority-hub.html
fees	2	authority/payments/fees.html
sops	2	authority/small-business-tech/sops.html
city	2	auto-builder/templates/city.html
im	2	autogen/html/im-not-sure-why-im-here.html
quiet	2	autogen/html/quiet-default.html
automated	2	automated-scheduling-for-san-diego-businesses-san-diego.html
overbuilt	2	compliance/examples/overbuilt-too-early.html
interchange	2	concepts/interchange-fees.html
polymarket	2	concepts/polymarket-trading.html
ductwork	2	docs/pages/ductwork-repair-san-diego.html
feeling	2	docs/pages/feeling-behind-start-here.html
urls	2	docs/pages/urls.html
weekly	2	docs/pages/weekly-signal-snapshot.html
electronic	2	electronic-payment-solutions-san-diego.html
radar	2	fresh/radar.html
open	2	future-build/open-source-solution-for-location-mapping.html
problems	2	future-build/problems-loading-dashboard-amp-elevated-builds-rate.html
speed	2	future-build/speed-insights-elevated-errors.html
hire	2	hire-an-ai-consultant-in-san-diego.html
html	2	html-sitemap.html
accountants	2	katie/accountants-apps.html
airbnb	2	pages/airbnb-payment-help-san-diego.html
field	2	pages/field-service-payments-san-diego.html
healthcare	2	pages/healthcare-tech-consulting-san-diego.html
organic	2	pages/organic-growth-san-diego.html
realtor	2	pages/realtor-payment-solutions-san-diego.html
canonical	2	problems/canonical-tag-wrong-fix-without-downtime.html
core	2	problems/core-web-vitals-lcp-too-high-for-service-business.html
cursor	2	problems/cursor-ai-agent-not-showing.html
docker	2	problems/docker-container-exits-immediately-in-2026.html
failed	2	problems/failed-payment-retry-strategy-in-2026.html
meta	2	problems/meta-ads-pixel-not-firing-fast.html
seller	2	problems/seller-account-frozen-grailed.html
spf	2	problems/spf-dkim-dmarc-misconfigured-fix-for-ecommerce.html
structured	2	problems/structured-data-errors-faq-schema-for-service-business.html
does	2	public/ai-clarity/does-ai-make-up-facts.html
airport	2	public/airport-ride-cost-san-diego.html
gdpr	2	public/compliance-fines/gdpr-fines-explained.html
iso	2	public/compliance-fines/iso-27001-non-compliance.html
incident	2	public/compliance-incidents/incident-response-vs-compliance-tools.html
vanta	2	public/compliance-software-vendors/vanta-compliance-explained.html
complexity	2	public/connectors/complexity-reduction.html
escalation	2	public/connectors/escalation-path-design.html
resolution	2	public/connectors/resolution-timeframes.html
overautomation	2	public/failure-modes/overautomation.html
decisions__index	2	reports/self-improve-backups/2026-03-05_002528/decisions__index.html
katie__index	2	reports/self-improve-backups/2026-03-05_002528/katie__index.html
pillars__ai	2	reports/self-improve-backups/2026-03-05_002528/pillars__ai-automation-master-guide.html
backup	2	reports/self-improve-backups/2026-03-05_002553/backup-who-do-i-call-20251229-1838__who-do-i-call-hvac-san-diego.html
backup_pages__how	2	reports/self-improve-backups/2026-03-05_002553/backup_pages__how-to-grow-local-business.html
pillars__auto	2	reports/self-improve-backups/2026-03-05_002553/pillars__auto-body-shops.html
pillars__payments	2	reports/self-improve-backups/2026-03-05_002553/pillars__payments-master-guide.html
policy	2	seo-reserve/macro-signal-changelog/policy-reactions-to-market-signals.html
microgrid	2	site/microgrid-ai-planning-san-diego.html
nems	2	site/nems-3-explained-san-diego.html
padres	2	site/padres-ticket-timing-real-signals.html
accepting	1	accepting-bitcoin-payments-without-risk-san-diego.html
call	1	authority/ai-automation/call-agents.html
reviews	1	authority/ai-automation/reviews.html
sms	1	authority/ai-automation/sms.html
workflows	1	authority/ai-automation/workflows.html
companies	1	authority/companies-in-hub.html
infrastructure	1	authority/infrastructure.html
settlement	1	authority/payments/settlement.html
hedging	1	authority/prediction-markets/hedging.html
structure	1	authority/prediction-markets/structure.html
vertical	1	auto-builder/templates/vertical.html
tesla	1	auto-hubs/categories/tesla-charging.html
directory	1	auto-hubs/directory.html
PHONE_GPT_INSTRUCTIONS	1	autogen/html/PHONE_GPT_INSTRUCTIONS.html
anti	1	autogen/html/anti-scam-help.html
catch	1	autogen/html/catch-all-router.html
conversation	1	autogen/html/conversation-as-interface.html
fallback	1	autogen/html/fallback-to-human.html
mission	1	autogen/html/mission.html
operating	1	autogen/html/operating-principles.html
presence	1	autogen/html/presence-over-resolution.html
principles	1	autogen/html/principles.html
something	1	autogen/html/something-feels-off.html
this	1	autogen/html/this-didnt-fit-anywhere.html
tone	1	autogen/html/tone-check.html
automate	1	automate-a-small-business-with-ai-san-diego.html
Index	1	backup_pages/Index.html
benefits	1	benefits-of-accepting-crypto-payments-san-diego.html
related	1	compliance/_partials/related-links.html
boundaries	1	compliance/boundaries.html
experience	1	compliance/experience.html
paid	1	compliance/paid.html
sample	1	compliance/reports/sample.html
readiness	1	compliance/reports/templates/readiness-report.html
programmatic	1	concepts/programmatic-seo.html
stablecoins	1	concepts/stablecoins.html
contactless	1	contactless-crypto-payments-for-retail-san-diego.html
cross	1	cross-border-payments-for-small-business-san-diego.html
cryptocurrency	1	cryptocurrency-payments-san-diego-restaurant-san-diego.html
clickup	1	decisions/clickup-vs-notion.html
webflow	1	decisions/webflow-vs-shopify.html
trending	1	fresh/trending.html
degraded	1	future-build/degraded-logs-and-traces-in-dubai-region-dxb1.html
delayed	1	future-build/delayed-firewall-observability-data.html
deployments	1	future-build/deployments-are-failing-for-customers-using-static-ips-in-dubai-region-dxb1.html
dispute	1	future-build/dispute-won-funds-not-released-after-6-months.html
dubai	1	future-build/dubai-region-dxb1-is-unavailable-and-traffic-is-being-re-routed.html
errors	1	future-build/errors-creating-support-center-cases.html
growpoint	1	future-build/growpoint-migration-api.html
gyp	1	future-build/gyp-err-stack-could-not-find-any-visual-studio-installation-to-use-but-i-x27-m-using-vscod.html
monthly	1	future-build/monthly-getting-started-web-dev-career-thread.html
most	1	future-build/most-saas-founders-think-failed-payments-are-a-stripe-problem-after-recovering-63-000-last.html
official	1	future-build/official-reasons-for-quot-software-caused-connection-abort-socket-write-quot.html
our	1	future-build/our-invoices-have-1-5-per-month-late-fees-but-nobody-pays-them-how-do-you-this.html
reimaging	1	future-build/reimaging-thinkpads-transforming-multiple-uefi-bootable-usb-keys-into-multiple-bootable-is.html
show	1	future-build/show-a-popup-warning-before-session-timeout.html
upgrading	1	future-build/upgrading-api-version.html
usd	1	future-build/usd-payout-to-vietnam-bank-name-abbreviation-issue.html
vibe	1	future-build/vibe-code-irl-left-stripe-api-keys-public.html
zookeeper	1	future-build/zookeeper-c-library-include-errors.html
payout	1	generated/payout-delays-why.html
processor	1	generated/processor-markup-explained.html
dentists	1	katie/dentists-apps.html
law	1	katie/law-firms-apps.html
realtors	1	katie/realtors-apps.html
leucadia	1	local-authority/leucadia.html
context	1	logs/context-log.html
expansion	1	logs/expansion-log.html
clusters	1	map/clusters.html
concepts	1	map/concepts.html
decisions	1	map/decisions.html
fresh	1	map/fresh.html
generated	1	map/generated.html
pillars	1	map/pillars.html
root	1	map/root.html
documentation	1	medical-device-software/documentation-that-actually-matters.html
fda	1	medical-device-software/fda-software-questions-startups-ask.html
pre	1	medical-device-software/pre-market-vs-post-market-software.html
quality	1	medical-device-software/quality-system-software-role.html
samd	1	medical-device-software/samd-vs-internal-software.html
we	1	medical-device-software/we-already-shipped-now-what.html
microwave	1	microwave-not-heating-san-diego.html
choosing	1	nodes/choosing-software-is-stressful.html
confusion	1	nodes/confusion-to-clarity-node.html
node	1	nodes/node-for-overwhelmed-people.html
pause	1	nodes/pause-before-you-buy-node.html
sanity	1	nodes/sanity-check-my-plan.html
fractional	1	pages/fractional-cto-san-diego.html
terminal	1	pages/san-diego-airport/terminal-1-vs-terminal-2-san.html
senior	1	pages/senior-care-software-help-san-diego.html
situations	1	pages/situations-we-help-with.html
painting	1	painting-project-quote-review-san-diego.html
handshake	1	partials/handshake-node.html
savings	1	payments-savings/savings-proof.html
acupuncturists	1	pillars/acupuncturists.html
advertising	1	pillars/advertising-agencies.html
animation	1	pillars/animation-studios.html
antique	1	pillars/antique-dealers.html
appraisers	1	pillars/appraisers.html
architects	1	pillars/architects.html
art	1	pillars/art-galleries.html
operations	1	pillars/operations.html
sports	1	prediction-markets/sports-hedging-strategy.html
3ds	1	problems/3ds-authentication-failing.html
add	1	problems/add-comprehensive-payment-tests-with-gateway-mocking.html
antigravity	1	problems/antigravity-ai-agent-not-working.html
arc	1	problems/arc-site-search-not-working.html
brave	1	problems/brave-site-search-not-working.html
hedgehog	1	problems/hedgehog-prediction-market.html
next	1	problems/next-sitemap-not-found.html
rank	1	problems/rank-math-sitemap-not-found.html
sezzle	1	problems/sezzle-merchant-account-frozen.html
sharepoint	1	problems/sharepoint-site-search-not-working.html
squarespace	1	problems/squarespace-payment-processing-not-working.html
stock	1	problems/stock-market-hedging-strategies.html
wix	1	problems/wix-site-search-not-working.html
finished	1	public/after-reading/finished-reading-about-compliance.html
limits	1	public/ai-clarity/limits-of-artificial-intelligence.html
alaska	1	public/airport-help/alaska-airlines-san-diego-terminal-2-help.html
allegiant	1	public/airport-help/allegiant-air-san-diego-terminal-1-help.html
american	1	public/airport-help/american-airlines-san-diego-terminal-2-help.html
british	1	public/airport-help/british-airways-san-diego-terminal-2-help.html
delta	1	public/airport-help/delta-air-lines-san-diego-terminal-2-help.html
frontier	1	public/airport-help/frontier-airlines-san-diego-terminal-1-help.html
japan	1	public/airport-help/japan-airlines-san-diego-terminal-2-help.html
jetblue	1	public/airport-help/jetblue-san-diego-terminal-2-help.html
lufthansa	1	public/airport-help/lufthansa-san-diego-terminal-2-help.html
picking	1	public/airport-help/picking-someone-up-san-diego-airport-help.html
southwest	1	public/airport-help/southwest-airlines-san-diego-terminal-1-help.html
spirit	1	public/airport-help/spirit-airlines-san-diego-terminal-1-help.html
sun	1	public/airport-help/sun-country-airlines-san-diego-terminal-1-help.html
united	1	public/airport-help/united-airlines-san-diego-terminal-2-help.html
phone_gpt_instructions	1	public/auto/phone_gpt_instructions.html
minimum	1	public/compliance-checklists/minimum-compliance-documentation.html
first	1	public/compliance-playbooks/first-time-compliance-operator-guide.html
maintaining	1	public/compliance-playbooks/maintaining-compliance-without-saas.html
_disclaimer	1	public/compliance-software-vendors/_disclaimer.html
drata	1	public/compliance-software-vendors/drata-compliance-explained.html
hyperproof	1	public/compliance-software-vendors/hyperproof-compliance-explained.html
logicgate	1	public/compliance-software-vendors/logicgate-grc-explained.html
secureframe	1	public/compliance-software-vendors/secureframe-compliance-explained.html
sprinto	1	public/compliance-software-vendors/sprinto-compliance-explained.html
buy	1	public/connectors/buy-vs-build-decisions.html
trust	1	public/connectors/trust-signals-online.html
vendors	1	public/connectors/vendors-and-lock-in.html
confidence	1	public/decision-intelligence/confidence-vs-certainty.html
explanation	1	public/decision-intelligence/explanation-before-action.html
false	1	public/decision-intelligence/false-urgency-detection.html
option	1	public/decision-intelligence/option-mapping.html
second	1	public/decision-intelligence/second-order-effects.html
timing	1	public/decision-intelligence/timing-advantage.html
tradeoff	1	public/decision-intelligence/tradeoff-clarity.html
unknown	1	public/decision-intelligence/unknown-unknowns.html
borders	1	public/expansion/borders-cruise.html
stadiums	1	public/expansion/stadiums.html
irreversible	1	public/failure-modes/irreversible-choices.html
misaligned	1	public/failure-modes/misaligned-incentives.html
misleading	1	public/failure-modes/misleading-metrics.html
outsourced	1	public/failure-modes/outsourced-thinking.html
premature	1	public/failure-modes/premature-optimization.html
unchecked	1	public/failure-modes/unchecked-ai-output.html
california	1	public/local-compliance/california-compliance-software-explained.html
where	1	public/money-clarity/where-did-my-money-go.html
own	1	public/own-your-compliance/own-your-gdpr-soc2-hipaa-compliance.html
priority	1	public/priority-help.html
clarify	1	public/resolution-paths/clarify-before-committing.html
delay	1	public/resolution-paths/delay-irrevocable-steps.html
exit	1	public/resolution-paths/exit-plan-design.html
map	1	public/resolution-paths/map-options-first.html
contract	1	public/signals/contract-interpretation.html
legacy	1	public/signals/legacy-system-migration.html
transportation	1	public/transportation-options-san-diego.html
late	1	public/who-do-i-call/airport/late-night-flight-arrival.html
er	1	public/who-do-i-call/hospital/er-wait-too-long.html
hospital	1	public/who-do-i-call/hospital/hospital-billing-confusion.html
lost	1	public/who-do-i-call/university/lost-on-campus.html
questions	1	questions-to-ask-an-ai-consultant-san-diego.html
red	1	red-flags-when-hiring-an-ai-consultant-san-diego.html
refrigerator	1	refrigerator-not-cooling-san-diego.html
concepts__index	1	reports/self-improve-backups/2026-03-05_002528/concepts__index.html
fresh__gravity	1	reports/self-improve-backups/2026-03-05_002528/fresh__gravity.html
fresh__radar	1	reports/self-improve-backups/2026-03-05_002528/fresh__radar.html
problems__index	1	reports/self-improve-backups/2026-03-05_002528/problems__index.html
backup_old_pages__ai	1	reports/self-improve-backups/2026-03-05_002553/backup_old_pages__ai-crypto-wallet-setup-help.html
backup_pages__Energy	1	reports/self-improve-backups/2026-03-05_002553/backup_pages__Energy-Payments-San-Diego.html
backup_pages__commercial	1	reports/self-improve-backups/2026-03-05_002553/backup_pages__commercial-hvac-san-diego.html
backup_pages__emergency	1	reports/self-improve-backups/2026-03-05_002553/backup_pages__emergency-hvac-san-diego.html
backup_pages__hvac	1	reports/self-improve-backups/2026-03-05_002553/backup_pages__hvac-contractor-payment-processing-san-diego.html
backup_pages__local	1	reports/self-improve-backups/2026-03-05_002553/backup_pages__local-ai-directory.html
clusters__ai	1	reports/self-improve-backups/2026-03-05_002553/clusters__ai-workflow-automation.html
clusters__payment	1	reports/self-improve-backups/2026-03-05_002553/clusters__payment-fees.html
concepts__ai	1	reports/self-improve-backups/2026-03-05_002553/concepts__ai-automation.html
concepts__crypto	1	reports/self-improve-backups/2026-03-05_002553/concepts__crypto-payments.html
concepts__payment	1	reports/self-improve-backups/2026-03-05_002553/concepts__payment-processing.html
concepts__prediction	1	reports/self-improve-backups/2026-03-05_002553/concepts__prediction-markets.html
decisions__claude	1	reports/self-improve-backups/2026-03-05_002553/decisions__claude-vs-openai-gpt.html
decisions__kalshi	1	reports/self-improve-backups/2026-03-05_002553/decisions__kalshi-vs-polymarket.html
decisions__stripe	1	reports/self-improve-backups/2026-03-05_002553/decisions__stripe-vs-square.html
decisions__zapier	1	reports/self-improve-backups/2026-03-05_002553/decisions__zapier-vs-make-automation.html
knowledge__sideguy	1	reports/self-improve-backups/2026-03-05_002553/knowledge__sideguy-knowledge-map.html
pillars__advertising	1	reports/self-improve-backups/2026-03-05_002553/pillars__advertising-agencies.html
pillars__animation	1	reports/self-improve-backups/2026-03-05_002553/pillars__animation-studios.html
pillars__appliance	1	reports/self-improve-backups/2026-03-05_002553/pillars__appliance-repair-companies.html
pillars__bakeries	1	reports/self-improve-backups/2026-03-05_002553/pillars__bakeries-in-chula-vista.html
pillars__crypto	1	reports/self-improve-backups/2026-03-05_002553/pillars__crypto-payments-master-guide.html
pillars__san	1	reports/self-improve-backups/2026-03-05_002553/pillars__san-diego-operator-guide.html
pillars__small	1	reports/self-improve-backups/2026-03-05_002553/pillars__small-business-systems.html
risks	1	risks-of-accepting-crypto-payments-san-diego.html
graph	1	routing/graph-log.html
avoid	1	seo-reserve/build-nothing-yet/avoid-overbuilding-saas.html
founder	1	seo-reserve/build-nothing-yet/founder-decision-restraint.html
signs	1	seo-reserve/build-nothing-yet/signs-you-are-building-too-early.html
cash	1	seo-reserve/contractors-paid-faster/cash-flow-problems-for-contractors.html
integration	1	seo-reserve/enterprise-sales-blockers/integration-requirements-sales-blocker.html
legal	1	seo-reserve/enterprise-sales-blockers/legal-review-delays-explained.html
institutional	1	seo-reserve/macro-signal-changelog/institutional-behavior-changes.html
macro	1	seo-reserve/macro-signal-changelog/macro-shifts-explained.html
market	1	seo-reserve/macro-signal-changelog/market-signals-vs-media-narratives.html
technology	1	seo-reserve/macro-signal-changelog/technology-adoption-inflection-points.html
bitcoin	1	seo-reserve/prediction-markets/bitcoin-volatility-and-market-signals.html
stubhub	1	seo-reserve/tickets/san-diego/stubhub-ticket-not-received-san-diego.html
sewage	1	sewage-smell-san-diego.html
SHIP	1	shipped/pages/SHIP-002.html
baseline	1	site/baseline-allowance-explained-san-diego.html
black	1	site/black-box-energy-ai-risks-san-diego.html
costs	1	site/costs-change-after-having-a-baby.html
delivery	1	site/delivery-charges-explained-san-diego.html
divorce	1	site/divorce-major-decision-overload.html
early	1	site/early-business-cost-decisions.html
financial	1	site/financial-and-energy-decisions-after-divorce.html
generation	1	site/generation-vs-delivery-costs-san-diego.html
having	1	site/having-a-baby-big-decisions.html
inheritance	1	site/inheritance-big-decisions-what-not-to-do.html
life	1	site/life-transition-second-opinion.html
managing	1	site/managing-costs-after-inheritance.html
net	1	site/net-metering-changes-explained-san-diego.html
outcomes	1	site/outcomes.html
stuck	1	site/pages/stuck-business-help-san-diego.html
retirement	1	site/retirement-decision-clarity.html
starting	1	site/starting-a-business-decision-mistakes.html
sudden	1	site/sudden-electric-bill-spike-san-diego.html
using	1	site/using-ai-without-regret.html
utility	1	site/utility-pricing-explained-san-diego.html
will	1	site/will-energy-get-more-expensive-san-diego.html
slab	1	slab-leak-san-diego.html
quote	1	templates/quote-review-template.html
concert	1	tickets/concert-vs-sports-ticket-timing.html
petco	1	tickets/petco-park-wait-or-buy-tickets.html
seismograph	1	trends/seismograph.html
web3	1	web3-payments-for-main-street-businesses-san-diego.html
leaking	1	who-do-i-call/leaking-ceiling.html
smell	1	who-do-i-call/smell-gas-house.html
weird	1	who-do-i-call/weird-smell-house.html
