hub,child
payments,machine-to-machine-payments
payments,stablecoin-business-payments
payments,payment-processor-fees-too-high
payments,instant-settlement-explained
ai-automation,ai-agent-for-small-business
ai-automation,what-is-an-ai-operator
ai-automation,ai-hiring-local-services
future-infrastructure,machine-to-machine-payments
future-infrastructure,autonomous-energy-systems
future-infrastructure,future-ai-economy
home-services,hvac-quote-seems-too-high
home-services,foundation-inspection-cost
home-services,contractor-quote-seems-too-high
energy-systems,can-your-house-sell-electricity-automatically
energy-systems,autonomous-energy-systems
energy-systems,machine-energy-markets
robotics-economy,robotics-maintenance-services
robotics-economy,humanoid-robots-for-business
small-business-tech,ai-automation-for-small-business
small-business-tech,payment-processing-cost-guide
crypto-payment-rails,how-to-accept-usdc-payments
crypto-payment-rails,why-credit-card-processing-fees-are-so-high
local-problem-help,hvac-quote-seems-too-high
local-problem-help,payment-processor-fees-too-high
