file,type
payment-fee-leak-optimization.html,flagship
payment-fee-leak-calculator.html,calculator
payment-fee-outcomes.html,outcome-hub
restaurant-payment-fee-savings-story.html,outcome-story
contractor-payout-speed-story.html,outcome-story
small-business-processor-switch-story.html,outcome-story
stripe-vs-square-hidden-fees.html,child
why-next-day-payouts-cost-more-than-you-think.html,child
software-fee-stacks-nobody-notices.html,child
ach-vs-cards-for-service-businesses.html,child
stablecoin-payouts-for-contractors.html,child
blended-processing-rate-explained.html,child
payment-processor-fee-audit-checklist.html,child
when-to-switch-payment-processors.html,child
subscription-bloat-in-payment-stacks.html,child
merchant-fee-leak-signs.html,child
