Top pages,Clicks,Impressions,CTR,Position
https://sideguysolutions.com/,1,1,100%,1
https://sideguysolutions.com/problems/twilio-sms-not-delivering-in-2026.html,0,26,0%,6.92
https://sideguysolutions.com/stripe-vs-square.html,0,14,0%,71.79
https://sideguysolutions.com/how-credit-card-processing-fees-work.html,0,8,0%,64
https://sideguysolutions.com/ai-automation-consulting-san-diego.html,0,8,0%,66.38
https://sideguysolutions.com/roofing-project-quote-review-san-diego.html,0,7,0%,64.71
https://sideguysolutions.com/problems/quick-fix-for-zapier-task-failed-webhook-timeout.html,0,6,0%,3.83
https://sideguysolutions.com/problems/nextjs-build-failing-on-deploy-in-2026.html,0,5,0%,5.4
https://sideguysolutions.com/problems/n8n-ai-agent-memory-not-working.html,0,5,0%,8.4
https://sideguysolutions.com/stripe-fees-for-small-business-san-diego.html,0,4,0%,3.75
https://sideguysolutions.com/ai-lead-generation-for-real-estate-investors-san-diego.html,0,4,0%,5.25
https://sideguysolutions.com/problems/best-way-to-solve-ai-agent-tool-calling-not-working.html,0,4,0%,10.5
https://sideguysolutions.com/compliance-automation-tools.html,0,4,0%,11.5
https://sideguysolutions.com/ai-booking-software-for-spa-owners-san-diego.html,0,4,0%,48.75
https://sideguysolutions.com/problems/multiplied/stripe-webhook-not-working-not-working.html,0,3,0%,1
https://sideguysolutions.com/ai-business-solutions-san-diego.html,0,3,0%,3
https://sideguysolutions.com/problems/why-is-github-actions-secrets-not-found.html,0,3,0%,3
https://sideguysolutions.com/problems/twilio-sms-not-delivering-for-small-business.html,0,3,0%,4
https://sideguysolutions.com/a-seller-on-our-marketplace-used-a-fake-id-and-we-had-no-idea-until-a-buyer-told-us-really-shook-my-confidence-in-our-setup-for-digital-marketing-agencies-in-miami-san-diego.html,0,3,0%,4.33
https://sideguysolutions.com/problems/kalshi-order-not-filled.html,0,3,0%,10
https://sideguysolutions.com/problems/step-by-step-fix-for-docker-container-exits-immediately.html,0,3,0%,12
https://sideguysolutions.com/problems/troubleshooting-openai-api-rate-limit-exceeded-fix.html,0,3,0%,13.33
https://sideguysolutions.com/ai-chatbot-for-drywall-contractors-san-diego.html,0,3,0%,40.33
https://sideguysolutions.com/hubs/industry-tile-contractors.html,0,3,0%,50.33
https://sideguysolutions.com/8-companies-ate-73-billion-youre-still-begging-for-scraps-for-pest-control-companies-in-los-angeles-san-diego.html,0,2,0%,2
https://sideguysolutions.com/a-few-weeks-ago-i-asked-this-sub-how-to-price-my-saas-i-launched-it-heres-where-i-stand-for-food-trucks-in-denver-san-diego.html,0,2,0%,4
https://sideguysolutions.com/problems/supabase-auth-email-not-sending-in-2026.html,0,2,0%,4.5
https://sideguysolutions.com/problems/what-causes-google-pay-declined-troubleshooting.html,0,2,0%,5.5
https://sideguysolutions.com/anyone-rely-on-newsletters-to-grow-their-business-for-gyms-in-austin-san-diego.html,0,2,0%,6
https://sideguysolutions.com/ai-automation-la-mesa.html,0,2,0%,7
https://sideguysolutions.com/problems/shopify-payments-account-review-fix-in-2026.html,0,2,0%,7
https://sideguysolutions.com/decisions/clickup-vs-notion.html,0,2,0%,8.5
https://sideguysolutions.com/how-much-does-ac-repair-cost-san-diego.html,0,2,0%,8.5
https://sideguysolutions.com/are-small-businesses-using-ai-agents-for-their-businesses-for-it-support-companies-in-portland-san-diego.html,0,2,0%,9
https://sideguysolutions.com/problems/multiplied/stripe-webhook-not-working-quick-checklist-for-restaurants.html,0,2,0%,9.5
https://sideguysolutions.com/ai-workflow-for-travel-agents-san-diego.html,0,2,0%,10
https://sideguysolutions.com/are-small-businesses-using-ai-agents-for-their-businesses-for-medical-spas-in-austin-san-diego.html,0,2,0%,10.5
https://sideguysolutions.com/ai-scheduling-for-animation-studios-san-diego.html,0,2,0%,12
https://sideguysolutions.com/ai-system-design-consulting.html,0,2,0%,17.5
https://sideguysolutions.com/compliance-consulting-san-diego.html,0,2,0%,17.5
https://sideguysolutions.com/manual-dispatch-vs-ai-dispatch.html,0,2,0%,17.5
https://sideguysolutions.com/ai-automation-san-diego.html,0,2,0%,49.5
https://sideguysolutions.com/ai-customer-service-for-drywall-contractors-san-diego.html,0,2,0%,54.5
https://sideguysolutions.com/generated/what-is-instant-settlement-for-business.html,0,2,0%,54.5
https://sideguysolutions.com/ai-booking-software-for-massage-therapists-san-diego.html,0,2,0%,68
https://sideguysolutions.com/clusters/instant-settlement.html,0,2,0%,87
https://sideguysolutions.com/ai-review-management-for-drywall-contractors-san-diego.html,0,2,0%,93
https://sideguysolutions.com/problems/how-to-fix-payment-gateway-error-502.html,0,1,0%,1
https://sideguysolutions.com/discouraged-by-already-existing-market-players-for-general-contractors-in-phoenix-san-diego.html,0,1,0%,2
https://sideguysolutions.com/problems/best-way-to-solve-make-com-scenario-errors-troubleshooting.html,0,1,0%,2
https://sideguysolutions.com/sideguy-solutions-contact.html,0,1,0%,2
https://sideguysolutions.com/operator-tools-hub.html,0,1,0%,3
https://sideguysolutions.com/problems/n8n-automation-api-key-invalid.html,0,1,0%,3
https://sideguysolutions.com/problems/troubleshooting-mysql-deadlock-retry-pattern.html,0,1,0%,3
https://sideguysolutions.com/sideguy-services.html,0,1,0%,3
https://sideguysolutions.com/problems/hubspot-crm-duplicate-records-fix.html,0,1,0%,4
https://sideguysolutions.com/sideguy-operator-network.html,0,1,0%,4
https://sideguysolutions.com/soc2-compliance-software.html,0,1,0%,4
https://sideguysolutions.com/pages/ai-tools-for-small-business-san-diego-41.html,0,1,0%,5
https://sideguysolutions.com/battery-backup-installation-san-diego.html,0,1,0%,6
https://sideguysolutions.com/pages/matrix/hvac-should-i-repair-or-replace-questions-to-ask-new-york.html,0,1,0%,6
https://sideguysolutions.com/problems/claude-api-integration-failing-without-hiring-devs.html,0,1,0%,6
https://sideguysolutions.com/problems/local-seo-rate-limit-exceeded.html,0,1,0%,6
https://sideguysolutions.com/problems/troubleshooting-claude-api-integration-failing.html,0,1,0%,6
https://sideguysolutions.com/ai-tools-for-animation-studios-san-diego.html,0,1,0%,8
https://sideguysolutions.com/are-small-businesses-using-ai-agents-for-their-businesses-for-electricians-in-miami-san-diego.html,0,1,0%,8
https://sideguysolutions.com/pages/workflow-automation-san-diego-18-98.html,0,1,0%,8
https://sideguysolutions.com/problems/docker-container-exits-immediately-in-2026.html,0,1,0%,8
https://sideguysolutions.com/problems/stripe-webhooks-slow-performance-fix.html,0,1,0%,8
https://sideguysolutions.com/problems/troubleshooting-meta-ads-pixel-not-firing.html,0,1,0%,8
https://sideguysolutions.com/who-do-i-call-for-after-hours-hvac-san-diego.html,0,1,0%,8
https://sideguysolutions.com/ai-automation-san-diego-hub.html,0,1,0%,9
https://sideguysolutions.com/merchant-services-pricing-san-diego.html,0,1,0%,9
https://sideguysolutions.com/ai-invoicing-for-jewelry-stores-san-diego.html,0,1,0%,10
https://sideguysolutions.com/pages/matrix/home-battery-install-installation-price-confusion-cost-guide-phoenix.html,0,1,0%,10
https://sideguysolutions.com/problems/ai-customer-service-billing-issue.html,0,1,0%,10
https://sideguysolutions.com/problems/why-is-google-play-billing-pending-fix.html,0,1,0%,10
https://sideguysolutions.com/who-do-i-call-before-signing-a-contract.html,0,1,0%,10
https://sideguysolutions.com/how-to-fix-slow-drains.html,0,1,0%,11
https://sideguysolutions.com/problems/apple-pay-not-working-on-checkout-in-2026.html,0,1,0%,11
https://sideguysolutions.com/solar-hub-san-diego.html,0,1,0%,11
https://sideguysolutions.com/ai-lead-generation-for-photographers-san-diego.html,0,1,0%,12
https://sideguysolutions.com/ai-lead-generation-systems-san-diego.html,0,1,0%,14
https://sideguysolutions.com/ai-review-management-for-animation-studios-san-diego.html,0,1,0%,17
https://sideguysolutions.com/prediction-markets/,0,1,0%,19
https://sideguysolutions.com/ai-lead-generation-for-it-support-companies-san-diego.html,0,1,0%,21
https://sideguysolutions.com/pages/matrix/roof-repair-unexpected-repair-bill-scam-red-flags-new-york.html,0,1,0%,21
https://sideguysolutions.com/solana-payments-directory.html,0,1,0%,26
https://sideguysolutions.com/ai-invoicing-for-massage-therapists-san-diego.html,0,1,0%,34
https://sideguysolutions.com/pages/workflow-automation-san-diego-5.html,0,1,0%,35
https://sideguysolutions.com/pages/matrix/hvac-inspection-cost-warning-signs-san-diego.html,0,1,0%,44
https://sideguysolutions.com/pages/workflow-automation-san-diego-88.html,0,1,0%,45
https://sideguysolutions.com/pages/matrix/roof-repair-system-not-working-properly-common-mistakes-chicago.html,0,1,0%,46
https://sideguysolutions.com/ai-marketing-automation-for-it-support-companies-san-diego.html,0,1,0%,49
https://sideguysolutions.com/hubs/industry-tile-contractors-in-vista.html,0,1,0%,52
https://sideguysolutions.com/ai-automation-for-drywall-contractors-in-spring-valley-san-diego.html,0,1,0%,53
https://sideguysolutions.com/tech-help-hub-san-diego.html,0,1,0%,59
https://sideguysolutions.com/problems/payment-fraud-timeout-error.html,0,1,0%,60
https://sideguysolutions.com/ai-review-management-for-dentists-san-diego.html,0,1,0%,68
https://sideguysolutions.com/who-do-i-call-for-electrical-after-hours-san-diego.html,0,1,0%,68
https://sideguysolutions.com/hvac-hub/,0,1,0%,71
https://sideguysolutions.com/how-to-emergency-hvac-san-diego/,0,1,0%,80
https://sideguysolutions.com/zapier-vs-make.html,0,1,0%,80
https://sideguysolutions.com/clusters/ai-marketing-automation.html,0,1,0%,84
https://sideguysolutions.com/manual-booking-vs-ai-booking.html,0,1,0%,85
https://sideguysolutions.com/ai-workflow-for-it-support-companies-san-diego.html,0,1,0%,87
https://sideguysolutions.com/ai-proposal-writing-for-drywall-contractors-san-diego.html,0,1,0%,91
https://sideguysolutions.com/pages/matrix/plumbing-repair-inspection-cost-second-opinion-new-york.html,0,1,0%,91