bucket	signal
ai-automation	how do i automate my small business
ai-automation	best ai tools for contractors 2026
ai-automation	ai scheduling software for restaurants
ai-automation	how much does ai customer support cost
ai-automation	workflow automation for law firms
ai-automation	ai agents for small business owners
ai-automation	can ai replace my office manager
ai-automation	automate invoicing for contractors
ai-automation	ai for hvac dispatch scheduling
payment-processing	how to avoid credit card processing fees
future-payments	stablecoin payments for small business
future-payments	instant settlement for merchants
future-payments	how does solana payments work
payment-processing	alternatives to stripe for small business
payment-processing	get paid same day as contractor
payment-processing	reduce payment processing fees 2026
future-payments	accept crypto payments on my website
future-payments	machine to machine payments explained
software-development	how much does custom software cost
software-development	saas development for small business
software-development	best software for field service companies
software-development	how to build a business app without coding
software-development	software planning for startups
software-development	cheapest way to build a web app
software-development	software cost estimate for small business
future-infrastructure	what is autonomous energy trading
future-payments	robots paying for ev charging explained
payment-processing	future of business payments
future-payments	what is machine to machine commerce
future-infrastructure	infrastructure for the next economy
future-payments	solana for business infrastructure
software-development	best software developers san diego
ai-automation	ai automation services san diego
payment-processing	payment processing san diego businesses
san-diego-local	contractor tools san diego
software-development	hvac software san diego
