slug	title	pillar
ai-automation-roi	AI Automation ROI Calculator Guide	ai-automation
ai-automation-examples	AI Automation Examples for Small Business	ai-automation
ai-automation-workflows	AI Automation Workflows That Work	ai-automation
ai-customer-service-best-practices	AI Customer Service Best Practices	ai-automation
ai-customer-intake-automation	AI Customer Intake Automation	ai-automation
ai-scheduling-reminders	AI Scheduling Reminders That Reduce No-Shows	ai-automation
ai-scheduling-intake-questions	Scheduling Intake Question Templates	ai-automation
ai-email-followup-automation	AI Email Follow-Up Automation	ai-automation
ai-text-replies-for-business	AI Text Replies for Business	ai-automation
ai-call-summaries	AI Call Summaries for Operators	ai-automation
ai-sop-writer	AI SOP Writer for Process Documentation	ai-automation
ai-meeting-notes	AI Meeting Notes for Operators	ai-automation
ai-marketing-content-calendar	AI Marketing Content Calendar	ai-automation
ai-review-reply-system	AI Review Reply System	ai-automation
ai-tools-for-contractors	AI Tools for Contractors	ai-automation
ai-tools-for-restaurants	AI Tools for Restaurants	ai-automation
ai-tools-for-medical-offices	AI Tools for Medical Offices	ai-automation
payment-processing-fees-explained	Payment Processing Fees Explained	payments
interchange-fees-explained	Interchange Fees Explained	payments
processor-markup-explained	Processor Markup Explained	payments
how-to-read-processing-statement	How to Read a Processing Statement	payments
reduce-chargebacks	How to Reduce Chargebacks	payments
chargeback-response-template	Chargeback Response Template	payments
instant-settlement-explained	Instant Settlement Explained	payments
payout-delays-why	Why Payouts Are Delayed	payments
payment-fraud-basics	Payment Fraud Basics for Operators	payments
pci-compliance-simple	PCI Compliance Simple Guide	payments
best-payment-processor-small-business	Best Payment Processor for Small Business	payments
high-risk-payments-explained	High-Risk Payments Explained	payments
stripe-vs-square-fees	Stripe vs Square Fees Comparison	payments
payment-processing-contract-traps	Payment Processing Contract Traps	payments
how-to-choose-crm	How to Choose a CRM	small-business-tech
crm-setup-checklist	CRM Setup Checklist	small-business-tech
software-integration-basics	Software Integration Basics	small-business-tech
how-to-build-sops-fast	How to Build SOPs Fast	small-business-tech
customer-intake-forms	Customer Intake Form Templates	small-business-tech
missed-call-capture-system	Missed Call Capture System	small-business-tech
simple-ops-dashboard	Simple Ops Dashboard for Small Business	small-business-tech
automated-invoicing-workflow	Automated Invoicing Workflow	small-business-tech
