Top queries,Clicks,Impressions,CTR,Position
ai business solutions san diego,0,15,0%,34.07
it help,0,9,0%,22.44
payment processing san diego,0,8,0%,54.5
ai lead generation near me,0,6,0%,8.33
plumbing issues,0,5,0%,47.2
enterprise software consulting,0,5,0%,50.8
business networking solutions san diego,0,5,0%,64.8
mobile payment systems san diego,0,3,0%,23
debit card processing san diego,0,3,0%,38.67
ai optimization encinitas,0,3,0%,81.33
ai consulting services san diego,0,3,0%,85.33
electric panel upgrade san diego,0,3,0%,98
sideguy,0,2,0%,8.5
mobile payment service san diego,0,2,0%,17
mobile payment services san diego,0,2,0%,17
ecommerce payment solutions san diego,0,2,0%,26.5
workflow automation san diego,0,2,0%,28.5
payment processing solutions san diego,0,2,0%,36.5
electronic payment solutions san diego,0,2,0%,37
mini split ac repair,0,2,0%,42
battery backup installation san diego,0,2,0%,59
san diego water pressure,0,2,0%,76.5
ai process optimization,0,2,0%,92
marketing automation san diego,0,2,0%,96.5
ai implementation roadmap,0,2,0%,97
ai system design consulting,0,1,0%,2
is there lawn care service where payment is automatic after the job is done?,0,1,0%,9
hipaa audit san diego,0,1,0%,18
online payment solutions san diego,0,1,0%,37
small business payment solutions san diego,0,1,0%,41
it help san diego,0,1,0%,42
mini split repair,0,1,0%,42
low water pressure san diego,0,1,0%,43
mobile payment solutions san diego,0,1,0%,45
ai b2b lead generation san diego,0,1,0%,48
payments processing hardware san diego,0,1,0%,48
ai lead generation san diego,0,1,0%,55
san diego home repair services,0,1,0%,55
ai consulting firms in san diego,0,1,0%,73
san diego home repairs,0,1,0%,74
san diego home repair,0,1,0%,79
ai business strategy san diego,0,1,0%,85
emergency hvac san diego,0,1,0%,86
best backflow testing company in san diego,0,1,0%,90
mini split repair san diego,0,1,0%,90
human in the loop ai jobs,0,1,0%,96