slug,title
ai-agents-explained,ai-agents explained
ai-agents-how-it-works,ai-agents how-it-works
ai-agents-benefits,ai-agents benefits
ai-agents-examples,ai-agents examples
ai-agents-future-impact,ai-agents future-impact
ai-agents-business-use,ai-agents business-use
ai-agents-setup-guide,ai-agents setup-guide
ai-agents-tools,ai-agents tools
ai-agents-systems,ai-agents systems
ai-agents-faq,ai-agents faq
machine-payments-explained,machine-payments explained
machine-payments-how-it-works,machine-payments how-it-works
machine-payments-benefits,machine-payments benefits
machine-payments-examples,machine-payments examples
machine-payments-future-impact,machine-payments future-impact
machine-payments-business-use,machine-payments business-use
machine-payments-setup-guide,machine-payments setup-guide
machine-payments-tools,machine-payments tools
machine-payments-systems,machine-payments systems
machine-payments-faq,machine-payments faq
software-paying-software-explained,software-paying-software explained
software-paying-software-how-it-works,software-paying-software how-it-works
software-paying-software-benefits,software-paying-software benefits
software-paying-software-examples,software-paying-software examples
software-paying-software-future-impact,software-paying-software future-impact
software-paying-software-business-use,software-paying-software business-use
software-paying-software-setup-guide,software-paying-software setup-guide
software-paying-software-tools,software-paying-software tools
software-paying-software-systems,software-paying-software systems
software-paying-software-faq,software-paying-software faq
ai-workflows-explained,ai-workflows explained
ai-workflows-how-it-works,ai-workflows how-it-works
ai-workflows-benefits,ai-workflows benefits
ai-workflows-examples,ai-workflows examples
ai-workflows-future-impact,ai-workflows future-impact
ai-workflows-business-use,ai-workflows business-use
ai-workflows-setup-guide,ai-workflows setup-guide
ai-workflows-tools,ai-workflows tools
ai-workflows-systems,ai-workflows systems
ai-workflows-faq,ai-workflows faq
autonomous-services-explained,autonomous-services explained
autonomous-services-how-it-works,autonomous-services how-it-works
autonomous-services-benefits,autonomous-services benefits
autonomous-services-examples,autonomous-services examples
autonomous-services-future-impact,autonomous-services future-impact
autonomous-services-business-use,autonomous-services business-use
autonomous-services-setup-guide,autonomous-services setup-guide
autonomous-services-tools,autonomous-services tools
autonomous-services-systems,autonomous-services systems
autonomous-services-faq,autonomous-services faq
robotics-economy-explained,robotics-economy explained
robotics-economy-how-it-works,robotics-economy how-it-works
robotics-economy-benefits,robotics-economy benefits
robotics-economy-examples,robotics-economy examples
robotics-economy-future-impact,robotics-economy future-impact
robotics-economy-business-use,robotics-economy business-use
robotics-economy-setup-guide,robotics-economy setup-guide
robotics-economy-tools,robotics-economy tools
robotics-economy-systems,robotics-economy systems
robotics-economy-faq,robotics-economy faq
ai-infrastructure-explained,ai-infrastructure explained
ai-infrastructure-how-it-works,ai-infrastructure how-it-works
ai-infrastructure-benefits,ai-infrastructure benefits
ai-infrastructure-examples,ai-infrastructure examples
ai-infrastructure-future-impact,ai-infrastructure future-impact
ai-infrastructure-business-use,ai-infrastructure business-use
ai-infrastructure-setup-guide,ai-infrastructure setup-guide
ai-infrastructure-tools,ai-infrastructure tools
ai-infrastructure-systems,ai-infrastructure systems
ai-infrastructure-faq,ai-infrastructure faq
stablecoin-payments-explained,stablecoin-payments explained
stablecoin-payments-how-it-works,stablecoin-payments how-it-works
stablecoin-payments-benefits,stablecoin-payments benefits
stablecoin-payments-examples,stablecoin-payments examples
stablecoin-payments-future-impact,stablecoin-payments future-impact
stablecoin-payments-business-use,stablecoin-payments business-use
stablecoin-payments-setup-guide,stablecoin-payments setup-guide
stablecoin-payments-tools,stablecoin-payments tools
stablecoin-payments-systems,stablecoin-payments systems
stablecoin-payments-faq,stablecoin-payments faq
decentralized-compute-explained,decentralized-compute explained
decentralized-compute-how-it-works,decentralized-compute how-it-works
decentralized-compute-benefits,decentralized-compute benefits
decentralized-compute-examples,decentralized-compute examples
decentralized-compute-future-impact,decentralized-compute future-impact
decentralized-compute-business-use,decentralized-compute business-use
decentralized-compute-setup-guide,decentralized-compute setup-guide
decentralized-compute-tools,decentralized-compute tools
decentralized-compute-systems,decentralized-compute systems
decentralized-compute-faq,decentralized-compute faq
energy-grid-automation-explained,energy-grid-automation explained
energy-grid-automation-how-it-works,energy-grid-automation how-it-works
energy-grid-automation-benefits,energy-grid-automation benefits
energy-grid-automation-examples,energy-grid-automation examples
energy-grid-automation-future-impact,energy-grid-automation future-impact
energy-grid-automation-business-use,energy-grid-automation business-use
energy-grid-automation-setup-guide,energy-grid-automation setup-guide
energy-grid-automation-tools,energy-grid-automation tools
energy-grid-automation-systems,energy-grid-automation systems
energy-grid-automation-faq,energy-grid-automation faq
